series,title,freq,fred_start,fred_end,returned_first,returned_last,n_obs,discontinued,history_limited,stale,used_by,limit_note
A006RY2Q224SBEA,Contributions to percent change in real gross domestic product: Gross ,Q,1947-04-01,2026-04-01,1990-01-01,2026-04-01,146,False,False,False,growth,
A014RY2Q224SBEA,Contributions to percent change in real gross domestic product: Gross ,Q,1947-04-01,2026-04-01,1990-01-01,2026-04-01,146,False,False,False,growth,
A019RY2Q224SBEA,Contributions to percent change in real gross domestic product: Net ex,Q,1947-04-01,2026-04-01,1990-01-01,2026-04-01,146,False,False,False,growth,
A191RL1Q225SBEA,Real Gross Domestic Product,Q,1947-04-01,2026-04-01,1990-01-01,2026-04-01,146,False,False,False,growth,
A261RL1Q225SBEA,Real Gross Domestic Income,Q,1947-04-01,2026-04-01,1990-01-01,2026-04-01,146,False,False,False,growth,
A822RY2Q224SBEA,Contributions to percent change in real gross domestic product: Govern,Q,1947-04-01,2026-04-01,1990-01-01,2026-04-01,146,False,False,False,growth,
ANFCI,Chicago Fed Adjusted National Financial Conditions Index,W,1971-01-08,2026-09-25,1971-01-08,2026-09-25,2908,False,False,False,panel(app),
AWHAETP,"Average Weekly Hours of All Employees, Total Private",M,2006-03-01,2026-09-01,2006-03-01,2026-09-01,247,False,False,False,panel(app),
BAA10Y,Moody's Seasoned Baa Corporate Bond Yield Relative to Yield on 10-Year,D,1986-01-02,2026-10-01,1997-01-02,2026-10-01,7436,False,True,False,credit;panel(app),copyright
BAA10YM,Moody's Seasoned Baa Corporate Bond Yield Relative to Yield on 10-Year,M,1953-04-01,2026-09-01,1967-01-01,2026-09-01,717,False,True,False,probit,copyright
BAMLC0A0CM,ICE BofA US Corporate Index Option-Adjusted Spread,D,2023-10-03,2026-10-01,2023-10-03,2026-10-01,785,False,True,False,credit,only include 3 years of observation
BAMLH0A0HYM2,ICE BofA US High Yield Index Option-Adjusted Spread,D,2023-10-03,2026-10-01,2023-10-03,2026-10-01,786,False,True,False,credit;panel(app),only include 3 years of observation
BOGZ1LM263163063Q,"Rest of the World; Bonds: Collateralized Loan Obligations; Liability, ",Q,2014-10-01,2026-04-01,2014-10-01,2026-04-01,47,False,False,False,credit,
BSCICP02USM460S,Business Tendency Surveys (Manufacturing): Confidence Indicators: Comp,M,1950-01-01,2026-08-01,1967-01-01,2026-08-01,716,False,False,False,probit,
BUSLOANS,"Commercial and Industrial Loans, All Commercial Banks",M,1947-01-01,2026-08-01,1967-01-01,2026-08-01,716,False,False,False,probit,
CCSA,Continued Claims (Insured Unemployment),W,1967-01-07,2026-09-19,1967-01-07,2026-09-19,3116,False,False,False,panel(app),
CFNAI,Chicago Fed National Activity Index,M,1967-03-01,2026-08-01,1967-03-01,2026-08-01,714,False,False,False,panel(app);probit,
CFNAIDIFF,Chicago Fed National Activity Index: Diffusion Index,M,1967-05-01,2026-08-01,1967-05-01,2026-08-01,712,False,False,False,panel(app),
CFNAIMA3,Chicago Fed National Activity Index: Three Month Moving Average,M,1967-05-01,2026-08-01,1967-05-01,2026-08-01,712,False,False,False,panel(app);probit,
CIVPART,Labor Force Participation Rate,M,1948-01-01,2026-09-01,1959-01-01,2026-09-01,812,False,False,False,panel(app),
CPIAUCSL,Consumer Price Index for All Urban Consumers: All Items in U.S. City A,M,1947-01-01,2026-08-01,1967-01-01,2026-08-01,715,False,False,False,probit,
CPILFESL,Consumer Price Index for All Urban Consumers: All Items Less Food and ,M,1957-01-01,2026-08-01,1967-01-01,2026-08-01,715,False,False,False,probit,
CSUSHPISA,S&P Cotality Case-Shiller U.S. National Home Price Index,M,1987-01-01,2026-07-01,1987-01-01,2026-07-01,475,False,True,True,probit,Copyright
DFF,Federal Funds Effective Rate,D,1954-07-01,2026-10-01,1959-01-01,2026-10-01,24746,False,False,False,panel(app),
DFII10,"Market Yield on U.S. Treasury Securities at 10-Year Constant Maturity,",D,2003-01-02,2026-10-01,2003-01-02,2026-10-01,5942,False,False,False,panel(app),
DGORDER,Manufacturers' New Orders: Durable Goods,M,1992-02-01,2026-08-01,1992-02-01,2026-08-01,415,False,False,False,probit,
DGS1,"Market Yield on U.S. Treasury Securities at 1-Year Constant Maturity, ",D,1962-01-02,2026-10-01,1962-01-02,2026-10-01,16173,False,False,False,panel(app),
DGS10,"Market Yield on U.S. Treasury Securities at 10-Year Constant Maturity,",D,1962-01-02,2026-10-01,1962-01-02,2026-10-01,16173,False,False,False,panel(app),
DGS1MO,"Market Yield on U.S. Treasury Securities at 1-Month Constant Maturity,",D,2001-07-31,2026-10-01,2001-07-31,2026-10-01,6295,False,False,False,panel(app),
DGS2,"Market Yield on U.S. Treasury Securities at 2-Year Constant Maturity, ",D,1976-06-01,2026-10-01,1976-06-01,2026-10-01,12581,False,False,False,panel(app),
DGS20,"Market Yield on U.S. Treasury Securities at 20-Year Constant Maturity,",D,1962-01-02,2026-10-01,1962-01-02,2026-10-01,14484,False,False,False,panel(app),
DGS3,"Market Yield on U.S. Treasury Securities at 3-Year Constant Maturity, ",D,1962-01-02,2026-10-01,1962-01-02,2026-10-01,16173,False,False,False,panel(app),
DGS30,"Market Yield on U.S. Treasury Securities at 30-Year Constant Maturity,",D,1977-02-15,2026-10-01,1977-02-15,2026-10-01,12403,False,False,False,panel(app),
DGS3MO,"Market Yield on U.S. Treasury Securities at 3-Month Constant Maturity,",D,1981-09-01,2026-10-01,1981-09-01,2026-10-01,11271,False,False,False,panel(app),
DGS5,"Market Yield on U.S. Treasury Securities at 5-Year Constant Maturity, ",D,1962-01-02,2026-10-01,1962-01-02,2026-10-01,16173,False,False,False,panel(app),
DGS6MO,"Market Yield on U.S. Treasury Securities at 6-Month Constant Maturity,",D,1981-09-01,2026-10-01,1981-09-01,2026-10-01,11271,False,False,False,panel(app),
DGS7,"Market Yield on U.S. Treasury Securities at 7-Year Constant Maturity, ",D,1969-07-01,2026-10-01,1969-07-01,2026-10-01,14303,False,False,False,panel(app),
DPCERY2Q224SBEA,Contributions to percent change in real gross domestic product: Person,Q,1947-04-01,2026-04-01,1990-01-01,2026-04-01,146,False,False,False,growth,
DRALACBS,"Delinquency Rate on All Loans, All Commercial Banks",Q,1985-01-01,2026-04-01,1985-01-01,2026-04-01,166,False,False,False,probit,
DRTSCILM,Net Percentage of Domestic Banks Tightening Standards for Commercial a,Q,1990-04-01,2026-07-01,1997-01-01,2026-07-01,119,False,False,False,credit;panel(app);probit,
DSPIC96,Real Disposable Personal Income,M,1959-01-01,2026-08-01,1967-01-01,2026-08-01,716,False,False,False,probit,
FEDFUNDS,Federal Funds Effective Rate,M,1954-07-01,2026-09-01,1990-01-01,2026-09-01,441,False,False,False,credit;probit,
FRBATLWGT12MMAWMHWGO,12-Month Moving Average of Weighted Median Hourly Wage Growth: Overall,M,1997-12-01,2026-08-01,1997-12-01,2026-08-01,344,False,False,False,panel(app),
GDPC1,Real Gross Domestic Product,Q,1947-01-01,2026-04-01,1947-01-01,2026-04-01,318,False,False,False,probit;revisions,
GDPNOW,GDPNow,Q,2011-07-01,2026-07-01,2011-07-01,2026-07-01,61,False,False,False,growth,
GS10,"Market Yield on U.S. Treasury Securities at 10-Year Constant Maturity,",M,1953-04-01,2026-09-01,1990-01-01,2026-09-01,441,False,False,False,credit;probit,
HOUST,New Privately-Owned Housing Units Started: Total Units,M,1959-01-01,2026-08-01,1967-01-01,2026-08-01,716,False,False,False,panel(app);probit,
HSN1F,New One Family Houses Sold: United States,M,1963-01-01,2026-08-01,1967-01-01,2026-08-01,716,False,False,False,probit,
ICSA,Initial Claims,W,1967-01-07,2026-09-26,1967-01-07,2026-09-26,3117,False,False,False,panel(app);probit,
INDPRO,Industrial Production: Total Index,M,1919-01-01,2026-08-01,1960-01-01,2026-08-01,800,False,False,False,growth;probit,
IORB,Interest Rate on Reserve Balances (IORB Rate),D,2021-07-29,2026-10-05,2021-07-29,2026-10-05,1895,False,False,False,panel(app),
IPMAN,Industrial Production: Manufacturing (NAICS),M,1972-01-01,2026-08-01,1972-01-01,2026-08-01,656,False,False,False,probit,
JTSJOL,Job Openings: Total Nonfarm,M,2000-12-01,2026-08-01,2000-12-01,2026-08-01,309,False,False,False,panel(app);probit,
JTSQUR,Quits: Total Nonfarm,M,2000-12-01,2026-08-01,2000-12-01,2026-08-01,309,False,False,False,panel(app),
M2SL,M2,M,1959-01-01,2026-08-01,2000-01-01,2026-08-01,320,False,False,False,credit,
MORTGAGE30US,30-Year Fixed Rate Mortgage Average in the United States,W,1971-04-02,2026-10-01,1990-01-05,2026-10-01,1918,False,True,False,credit,Copyright
NFCI,Chicago Fed National Financial Conditions Index,W,1971-01-08,2026-09-25,1997-01-03,2026-09-25,1552,False,False,False,credit;panel(app),
PAYEMS,"All Employees, Total Nonfarm",M,1939-01-01,2026-09-01,1939-01-01,2026-09-01,1053,False,False,False,growth;panel(app);probit;revisions,
PCEC96,Real Personal Consumption Expenditures,M,2007-01-01,2026-08-01,2007-01-01,2026-08-01,236,False,False,False,growth;panel(app),
PCECC96,Real Personal Consumption Expenditures,Q,1947-01-01,2026-04-01,1967-01-01,2026-04-01,238,False,False,False,probit,
PCEPI,Personal Consumption Expenditures: Chain-type Price Index,M,1959-01-01,2026-08-01,1967-01-01,2026-08-01,716,False,False,False,probit,
PCEPILFE,Personal Consumption Expenditures Excluding Food and Energy (Chain-Typ,M,1959-01-01,2026-08-01,1967-01-01,2026-08-01,716,False,False,False,probit,
PERMIT,New Privately-Owned Housing Units Authorized in Permit-Issuing Places:,M,1960-01-01,2026-08-01,1967-01-01,2026-08-01,716,False,False,False,panel(app);probit,
PPIACO,Producer Price Index by Commodity: All Commodities,M,1913-01-01,2026-08-01,1967-01-01,2026-08-01,716,False,False,False,probit,
RECPROUSM156N,Smoothed U.S. Recession Probabilities,M,1967-06-01,2026-08-01,1967-06-01,2026-08-01,711,False,False,False,panel(app);probit,
RRPONTSYD,Overnight Reverse Repurchase Agreements: Treasury Securities Sold by t,D,2003-02-07,2026-10-02,2003-02-07,2026-10-02,3339,False,False,False,credit,
RSAFS,Advance Retail Sales: Retail Trade and Food Services,M,1992-01-01,2026-08-01,1992-01-01,2026-08-01,416,False,False,False,growth;probit;revisions,
SAHMREALTIME,Real-time Sahm Rule Recession Indicator,M,1959-12-01,2026-09-01,1967-01-01,2026-09-01,716,False,False,False,panel(app);probit,
SOFR,Secured Overnight Financing Rate,D,2018-04-03,2026-10-01,2018-04-03,2026-10-01,2123,False,False,False,credit;panel(app),
SP500,S&P 500,D,2016-10-03,2026-10-02,2016-10-03,2026-10-02,2514,False,True,False,panel(app),Copyright
STLFSI4,St. Louis Fed Financial Stress Index,W,1993-12-31,2026-09-25,1997-01-03,2026-09-25,1552,False,False,False,credit;panel(app),
T10Y2Y,10-Year Treasury Constant Maturity Minus 2-Year Treasury Constant Matu,D,1976-06-01,2026-10-02,1976-06-01,2026-10-02,12582,False,False,False,panel(app);probit,
T10Y3M,10-Year Treasury Constant Maturity Minus 3-Month Treasury Constant Mat,D,1982-01-04,2026-10-02,1982-01-04,2026-10-02,11191,False,False,False,panel(app);probit,
T10YIE,10-Year Breakeven Inflation Rate,D,2003-01-02,2026-10-02,2003-01-02,2026-10-02,5943,False,False,False,panel(app),
T5YIFR,"5-Year, 5-Year Forward Inflation Expectation Rate",D,2003-01-02,2026-10-02,2003-01-02,2026-10-02,5943,False,False,False,panel(app),
TB3MS,"3-Month Treasury Bill Secondary Market Rate, Discount Basis",M,1934-01-01,2026-09-01,1967-01-01,2026-09-01,717,False,False,False,probit,
TCU,Capacity Utilization: Total Index,M,1967-01-01,2026-08-01,1967-01-01,2026-08-01,716,False,False,False,probit,
TEMPHELPS,"All Employees, Temporary Help Services",M,1990-01-01,2026-09-01,1990-01-01,2026-09-01,441,False,False,False,panel(app),
TERMCBAUTO48NS,"Finance Rate on Consumer Installment Loans at Commercial Banks, New Au",M,1972-02-01,2026-05-01,1990-02-01,2026-05-01,146,False,False,True,credit,
TERMCBCCALLNS,"Commercial Bank Interest Rate on Credit Card Plans, All Accounts",M,1994-11-01,2026-05-01,1994-11-01,2026-05-01,127,False,False,True,credit,
U6RATE,"Total Unemployed, Plus All Persons Marginally Attached to the Labor Fo",M,1994-01-01,2026-09-01,1994-01-01,2026-09-01,392,False,False,False,panel(app),
UMCSENT,University of Michigan: Consumer Sentiment,M,1952-11-01,2026-08-01,1967-02-01,2026-08-01,628,False,True,False,probit,Copyright
UNRATE,Unemployment Rate,M,1948-01-01,2026-09-01,1967-01-01,2026-09-01,716,False,False,False,panel(app);probit,
USREC,NBER based Recession Indicators for the United States from the Period ,M,1854-12-01,2026-09-01,1967-01-01,2026-09-01,717,False,False,False,nber;probit,
USSLIND,Leading Index for the United States,M,1982-01-01,2020-02-01,1982-01-01,2020-02-01,458,False,False,True,panel(app);probit,
VIXCLS,CBOE Volatility Index: VIX,D,1990-01-02,2026-10-01,1990-01-02,2026-10-01,9286,False,True,False,panel(app),Copyright
WALCL,Assets: Total Assets: Total Assets (Less Eliminations from Consolidati,W,2002-12-18,2026-09-30,2002-12-18,2026-09-30,1242,False,False,False,credit,
WEI,Weekly Economic Index (Lewis-Mertens-Stock),W,2008-01-05,2026-09-26,2008-01-05,2026-09-26,978,False,False,False,growth,
WRESBAL,Liabilities and Capital: Other Factors Draining Reserve Balances: Rese,W,2002-12-18,2026-09-30,2002-12-18,2026-09-30,1242,False,False,False,credit,
